n_estimators,max_depth,learning_rate,accuracy,f1_score
20,5,0.05,1.0,1.0
30,3,0.05,1.0,1.0
30,3,0.1,1.0,1.0
20,5,0.1,1.0,1.0
20,3,0.1,1.0,1.0
10,5,0.1,1.0,1.0
10,3,0.1,1.0,1.0
30,5,0.05,1.0,1.0
30,5,0.1,1.0,1.0
20,3,0.05,1.0,1.0
10,5,0.05,1.0,1.0
10,3,0.05,1.0,1.0
30,5,0.01,0.96875,0.967741935483871
30,3,0.01,0.96875,0.967741935483871
20,5,0.01,0.875,0.8571428571428571
20,3,0.01,0.78125,0.72
10,5,0.01,0.5,0.0
10,3,0.01,0.5,0.0
